emb_0,emb_1,emb_2,emb_3,emb_4,emb_5,emb_6,emb_7,emb_8,emb_9,target,prediction,similarity
0.24711332,0.15522999,0.12432931,0.4494462,0.2723291,0.26987028,0.6267914,0.021648228,0.20874244,0.057575636,False,False,0.13741608
0.34655994,0.123678036,0.063719675,0.19538735,0.08763634,0.21146914,0.8108833,0.09783265,0.56866217,0.0554882,False,False,-0.0404776
0.011744525,0.14646572,0.10672717,0.2110753,0.26717767,0.088979915,0.6010274,0.07773252,0.4235996,0.05940588,False,False,-0.023656629
0.08366546,0.14038554,0.2743373,0.24022795,0.014367133,0.19974121,0.13634187,0.16037521,0.22765675,0.21335438,False,False,0.13961536
0.0683966,0.042697936,0.14018542,0.38301587,0.053281873,0.29571313,0.26004174,0.12685153,0.2961414,0.2533687,False,False,0.079703264
